video,tracker,avg_iou,avg_fps
Basketball,KCF,0.0037,647
Basketball,CSRT,0.2887,65
Basketball,MOSSE,0.0000,6611
Basketball,MedianFlow,0.0309,2517
Biker,KCF,0.1095,2119
Biker,CSRT,0.2515,71
Biker,MOSSE,0.0000,15678
Biker,MedianFlow,0.3897,2564
Bird2,KCF,0.0402,365
Bird2,CSRT,0.6079,49
Bird2,MOSSE,0.7078,3379
Bird2,MedianFlow,0.0963,1298
BlurBody,KCF,0.0682,179
BlurBody,CSRT,0.6507,37
BlurBody,MOSSE,0.0000,1426
BlurBody,MedianFlow,0.2503,1128
BlurCar1,KCF,0.2462,456
BlurCar1,CSRT,0.7652,45
BlurCar1,MOSSE,0.1081,2067
BlurCar1,MedianFlow,0.0658,1279
BlurCar2,KCF,0.2413,320
BlurCar2,CSRT,0.8209,44
BlurCar2,MOSSE,0.6278,1650
BlurCar2,MedianFlow,0.4745,1019
BlurCar3,KCF,0.1856,369
BlurCar3,CSRT,0.2117,48
BlurCar3,MOSSE,0.1513,4879
BlurCar3,MedianFlow,0.1904,1056
BlurCar4,KCF,0.7401,142
BlurCar4,CSRT,0.7661,43
BlurCar4,MOSSE,0.6688,940
BlurCar4,MedianFlow,0.3547,1065
BlurFace,KCF,0.5465,300
BlurFace,CSRT,0.7638,45
BlurFace,MOSSE,0.3139,2425
BlurFace,MedianFlow,0.7747,1067
BlurOwl,KCF,0.0890,374
BlurOwl,CSRT,0.8112,48
BlurOwl,MOSSE,0.0474,3855
BlurOwl,MedianFlow,0.0994,1094
Board,KCF,0.6233,104
Board,CSRT,0.6130,33
Board,MOSSE,0.6697,757
Board,MedianFlow,0.3375,1099
Bolt,KCF,0.0043,929
Bolt,CSRT,0.6773,68
Bolt,MOSSE,0.0000,9063
Bolt,MedianFlow,0.0101,2705
Bolt2,KCF,0.0052,792
Bolt2,CSRT,0.6453,48
Bolt2,MOSSE,0.0000,7892
Bolt2,MedianFlow,0.0492,3435
Box,KCF,0.0697,388
Box,CSRT,0.3341,47
Box,MOSSE,0.2524,1987
Box,MedianFlow,0.2334,1114
Boy,KCF,0.1350,988
Boy,CSRT,0.7908,67
Boy,MOSSE,0.0000,9106
Boy,MedianFlow,0.3124,1092
Car1,KCF,0.0784,505
Car1,CSRT,0.2692,66
Car1,MOSSE,0.0832,3976
Car1,MedianFlow,0.1571,3625
Car2,KCF,0.6157,313
Car2,CSRT,0.8359,63
Car2,MOSSE,0.6603,3751
Car2,MedianFlow,0.2764,3737
Car24,KCF,0.4094,919
Car24,CSRT,0.4340,75
Car24,MOSSE,0.1139,14490
Car24,MedianFlow,0.0087,5024
Car4,KCF,0.2098,470
Car4,CSRT,0.8419,59
Car4,MOSSE,0.4700,2002
Car4,MedianFlow,0.1609,3493
CarDark,KCF,0.5428,994
CarDark,CSRT,0.8724,61
CarDark,MOSSE,0.6257,9923
CarDark,MedianFlow,0.3450,2756
CarScale,KCF,0.3984,862
CarScale,CSRT,0.5942,67
CarScale,MOSSE,0.4113,7169
CarScale,MedianFlow,0.4957,2835
ClifBar,KCF,0.0627,953
ClifBar,CSRT,0.5041,80
ClifBar,MOSSE,0.1177,7655
ClifBar,MedianFlow,0.1639,2903
Coke,KCF,0.0546,509
Coke,CSRT,0.5540,51
Coke,MOSSE,0.1561,4998
Coke,MedianFlow,0.1598,1088
Couple,KCF,0.0182,939
Couple,CSRT,0.3708,69
Couple,MOSSE,0.0000,8685
Couple,MedianFlow,0.2247,3707
Crowds,KCF,0.0076,1182
Crowds,CSRT,0.6475,74
Crowds,MOSSE,0.0000,13565
Crowds,MedianFlow,0.1226,1159
Dancer,KCF,0.1122,311
Dancer,CSRT,0.7515,57
Dancer,MOSSE,0.4018,3294
Dancer,MedianFlow,0.3084,3027
Dancer2,KCF,0.2527,231
Dancer2,CSRT,0.6749,53
Dancer2,MOSSE,0.7082,2364
Dancer2,MedianFlow,0.7497,2661
David2,KCF,0.1654,1247
David2,CSRT,0.8212,86
David2,MOSSE,0.0320,10302
David2,MedianFlow,0.7823,2637
David3,KCF,0.0738,319
David3,CSRT,0.7879,46
David3,MOSSE,0.0000,5123
David3,MedianFlow,0.1178,1110
Deer,KCF,0.0084,348
Deer,CSRT,0.7003,45
Deer,MOSSE,0.0798,3043
Deer,MedianFlow,0.3213,1147
Dog,KCF,0.0188,782
Dog,CSRT,0.4694,50
Dog,MOSSE,0.0121,7876
Dog,MedianFlow,0.4281,2495
Dog1,KCF,0.4242,498
Dog1,CSRT,0.7990,64
Dog1,MOSSE,0.4437,6244
Dog1,MedianFlow,0.7507,2926
Doll,KCF,0.3069,409
Doll,CSRT,0.7266,50
Doll,MOSSE,0.0000,7090
Doll,MedianFlow,0.2015,2670
Dudek,KCF,0.7394,151
Dudek,CSRT,0.8053,35
Dudek,MOSSE,0.7089,826
Dudek,MedianFlow,0.6543,1002
FaceOcc2,KCF,0.7290,328
FaceOcc2,CSRT,0.6974,51
FaceOcc2,MOSSE,0.6278,1936
FaceOcc2,MedianFlow,0.7580,2883
Fish,KCF,0.0546,378
Fish,CSRT,0.7701,49
Fish,MOSSE,0.7217,2316
Fish,MedianFlow,0.3617,2598
FleetFace,KCF,0.5777,158
FleetFace,CSRT,0.5894,36
FleetFace,MOSSE,0.4590,1049
FleetFace,MedianFlow,0.5505,883
Football,KCF,0.2722,581
Football,CSRT,0.6969,63
Football,MOSSE,0.4353,5120
Football,MedianFlow,0.5324,2414
Freeman1,KCF,0.0932,1497
Freeman1,CSRT,0.2006,131
Freeman1,MOSSE,0.0000,11537
Freeman1,MedianFlow,0.4433,2790
Girl,KCF,0.0213,956
Girl,CSRT,0.5825,59
Girl,MOSSE,0.0213,9237
Girl,MedianFlow,0.1965,3648
Girl2,KCF,0.6683,294
Girl2,CSRT,0.0533,48
Girl2,MOSSE,0.3134,1721
Girl2,MedianFlow,0.0409,1084
Gym,KCF,0.0121,437
Gym,CSRT,0.4694,48
Gym,MOSSE,0.0000,4851
Gym,MedianFlow,0.1287,3413
Human4,KCF,0.0566,520
Human4,CSRT,0.5711,49
Human4,MOSSE,0.1117,4233
Human4,MedianFlow,0.0688,1517
Human5,KCF,0.1061,1197
Human5,CSRT,0.3780,56
Human5,MOSSE,0.0000,14239
Human5,MedianFlow,0.1143,988
Human6,KCF,0.0063,1107
Human6,CSRT,0.2301,65
Human6,MOSSE,0.0000,9172
Human6,MedianFlow,0.0551,1372
Human7,KCF,0.1719,267
Human7,CSRT,0.7470,48
Human7,MOSSE,0.3128,3276
Human7,MedianFlow,0.3905,2912
Human8,KCF,0.0219,575
Human8,CSRT,0.6244,48
Human8,MOSSE,0.4714,3528
Human8,MedianFlow,0.0853,2673
Jogging,KCF,0.0508,495
Jogging,CSRT,0.6993,48
Jogging,MOSSE,0.6723,3221
Jogging,MedianFlow,0.1704,3238
Jumping,KCF,0.0385,1074
Jumping,CSRT,0.7446,74
Jumping,MOSSE,0.0477,9747
Jumping,MedianFlow,0.2375,2667
KiteSurf,KCF,0.1527,1317
KiteSurf,CSRT,0.4954,58
KiteSurf,MOSSE,0.0378,16600
KiteSurf,MedianFlow,0.1463,2371
Lemming,KCF,0.0204,274
Lemming,CSRT,0.2454,46
Lemming,MOSSE,0.1255,3852
Lemming,MedianFlow,0.2810,997
Liquor,KCF,0.6099,181
Liquor,CSRT,0.6688,37
Liquor,MOSSE,0.3081,1315
Liquor,MedianFlow,0.2170,961
Man,KCF,0.1808,982
Man,CSRT,0.8214,64
Man,MOSSE,0.1455,11080
Man,MedianFlow,0.1813,4157
Matrix,KCF,0.0053,938
Matrix,CSRT,0.0846,65
Matrix,MOSSE,0.0000,8253
Matrix,MedianFlow,0.0142,1365
Mhyang,KCF,0.6939,193
Mhyang,CSRT,0.7279,57
Mhyang,MOSSE,0.7508,3318
Mhyang,MedianFlow,0.8675,2784
MotorRolling,KCF,0.0774,371
MotorRolling,CSRT,0.0804,38
MotorRolling,MOSSE,0.0000,2546
MotorRolling,MedianFlow,0.1082,2894
MountainBike,KCF,0.0645,433
MountainBike,CSRT,0.6542,49
MountainBike,MOSSE,0.7700,3603
MountainBike,MedianFlow,0.2242,2360
RedTeam,KCF,0.4766,784
RedTeam,CSRT,0.5171,54
RedTeam,MOSSE,0.0668,12998
RedTeam,MedianFlow,0.0223,4575
Shaking,KCF,0.0048,392
Shaking,CSRT,0.6696,49
Shaking,MOSSE,0.0000,5029
Shaking,MedianFlow,0.3344,2303
Singer1,KCF,0.3527,90
Singer1,CSRT,0.8001,43
Singer1,MOSSE,0.0000,1451
Singer1,MedianFlow,0.7592,2158
Singer2,KCF,0.0424,532
Singer2,CSRT,0.0320,48
Singer2,MOSSE,0.6645,1881
Singer2,MedianFlow,0.0646,2754
Skater,KCF,0.0447,285
Skater,CSRT,0.5989,49
Skater,MOSSE,0.4728,2178
Skater,MedianFlow,0.4910,2741
Skater2,KCF,0.1792,384
Skater2,CSRT,0.5552,46
Skater2,MOSSE,0.0506,1875
Skater2,MedianFlow,0.1627,3444
Skating2,KCF,0.0954,312
Skating2,CSRT,0.3446,38
Skating2,MOSSE,0.0702,1186
Skating2,MedianFlow,0.0603,2671
Skiing,KCF,0.0087,1533
Skiing,CSRT,0.0493,56
Skiing,MOSSE,0.0000,15995
Skiing,MedianFlow,0.0532,2430
Soccer,KCF,0.0486,322
Soccer,CSRT,0.1807,46
Soccer,MOSSE,0.0923,3744
Soccer,MedianFlow,0.0749,2617
Subway,KCF,0.0495,1010
Subway,CSRT,0.6408,66
Subway,MOSSE,0.0000,8709
Subway,MedianFlow,0.1603,2673
Suv,KCF,0.3849,364
Suv,CSRT,0.2422,58
Suv,MOSSE,0.4830,4384
Suv,MedianFlow,0.4397,3638
Sylvester,KCF,0.3585,336
Sylvester,CSRT,0.6539,57
Sylvester,MOSSE,0.4061,4878
Sylvester,MedianFlow,0.4455,3092
Tiger1,KCF,0.0352,316
Tiger1,CSRT,0.7208,45
Tiger1,MOSSE,0.0720,2484
Tiger1,MedianFlow,0.1614,1033
Tiger2,KCF,0.0093,389
Tiger2,CSRT,0.6529,43
Tiger2,MOSSE,0.0885,2957
Tiger2,MedianFlow,0.2602,1059
Trans,KCF,0.5126,93
Trans,CSRT,0.5204,32
Trans,MOSSE,0.5535,760
Trans,MedianFlow,0.4299,2960
Trellis,KCF,0.3131,506
Trellis,CSRT,0.6597,48
Trellis,MOSSE,0.5605,2131
Trellis,MedianFlow,0.3940,2765
Twinnings,KCF,0.2110,304
Twinnings,CSRT,0.7153,56
Twinnings,MOSSE,0.0000,4852
Twinnings,MedianFlow,0.4589,2756
Walking2,KCF,0.2723,265
Walking2,CSRT,0.7356,49
Walking2,MOSSE,0.0000,4981
Walking2,MedianFlow,0.2867,2780
Woman,KCF,0.0413,580
Woman,CSRT,0.7545,43
Woman,MOSSE,0.0000,6591
Woman,MedianFlow,0.0954,3296
Basketball,Kalman_PredictOnly,0.0736,206492
Basketball,Kalman_PredictOnly,0.0736,241082
Biker,Kalman_PredictOnly,0.0421,0
Bird2,Kalman_PredictOnly,0.1196,0
BlurBody,Kalman_PredictOnly,0.0854,332706
BlurCar1,Kalman_PredictOnly,0.2722,370482
BlurCar2,Kalman_PredictOnly,0.3339,292055
BlurCar3,Kalman_PredictOnly,0.2286,0
BlurCar4,Kalman_PredictOnly,0.4562,380024
BlurFace,Kalman_PredictOnly,0.2140,492387
BlurOwl,Kalman_PredictOnly,0.1388,210015
Board,Kalman_PredictOnly,0.0993,696220
Bolt,Kalman_PredictOnly,0.1521,0
Bolt2,Kalman_PredictOnly,0.1012,291673
Box,Kalman_PredictOnly,0.0903,289830
Boy,Kalman_PredictOnly,0.1259,300521
Car1,Kalman_PredictOnly,0.0907,339745
Car2,Kalman_PredictOnly,0.3667,456577
Car24,Kalman_PredictOnly,0.0901,382266
Car4,Kalman_PredictOnly,0.2081,218966
CarDark,Kalman_PredictOnly,0.0691,196201
CarScale,Kalman_PredictOnly,0.0412,125613
ClifBar,Kalman_PredictOnly,0.3102,471821
Coke,Kalman_PredictOnly,0.1745,290021
Couple,Kalman_PredictOnly,0.0400,0
Crowds,Kalman_PredictOnly,0.0101,172930
Dancer,Kalman_PredictOnly,0.3045,0
Dancer2,Kalman_PredictOnly,0.4449,148797
David2,Kalman_PredictOnly,0.1311,267987
David3,Kalman_PredictOnly,0.0203,0
Deer,Kalman_PredictOnly,0.0792,0
Dog,Kalman_PredictOnly,0.1935,0
Dog1,Kalman_PredictOnly,0.1554,449592
Doll,Kalman_PredictOnly,0.1443,322555
Dudek,Kalman_PredictOnly,0.2035,286054
FaceOcc2,Kalman_PredictOnly,0.5861,405722
Fish,Kalman_PredictOnly,0.3587,237573
FleetFace,Kalman_PredictOnly,0.0259,235256
Football,Kalman_PredictOnly,0.0778,180513
Freeman1,Kalman_PredictOnly,0.0318,0
Girl,Kalman_PredictOnly,0.4944,0
Girl2,Kalman_PredictOnly,0.0980,374754
Gym,Kalman_PredictOnly,0.1208,382435
Human4,Kalman_PredictOnly,0.0111,665730
Human5,Kalman_PredictOnly,0.0177,713582
Human6,Kalman_PredictOnly,0.0198,263916
Human7,Kalman_PredictOnly,0.2287,0
Human8,Kalman_PredictOnly,0.0797,0
Jogging,Kalman_PredictOnly,0.2995,0
Jumping,Kalman_PredictOnly,0.1816,312097
KiteSurf,Kalman_PredictOnly,0.0763,0
Lemming,Kalman_PredictOnly,0.0566,222463
Liquor,Kalman_PredictOnly,0.5410,347925
Man,Kalman_PredictOnly,0.2596,132977
Matrix,Kalman_PredictOnly,0.1562,0
Mhyang,Kalman_PredictOnly,0.2954,496527
MotorRolling,Kalman_PredictOnly,0.1557,0
MountainBike,Kalman_PredictOnly,0.0683,0
RedTeam,Kalman_PredictOnly,0.1388,239492
Shaking,Kalman_PredictOnly,0.1171,181861
Singer1,Kalman_PredictOnly,0.0328,350275
Singer2,Kalman_PredictOnly,0.2056,182600
Skater,Kalman_PredictOnly,0.4298,0
Skater2,Kalman_PredictOnly,0.2224,433721
Skating2,Kalman_PredictOnly,0.3298,235932
Skiing,Kalman_PredictOnly,0.0228,0
Soccer,Kalman_PredictOnly,0.1707,195630
Subway,Kalman_PredictOnly,0.0345,174137
Suv,Kalman_PredictOnly,0.1868,314714
Sylvester,Kalman_PredictOnly,0.2383,268755
Tiger1,Kalman_PredictOnly,0.2322,353615
Tiger2,Kalman_PredictOnly,0.0226,363939
Trans,Kalman_PredictOnly,0.3488,123332
Trellis,Kalman_PredictOnly,0.3261,283885
Twinnings,Kalman_PredictOnly,0.1991,471596
Walking2,Kalman_PredictOnly,0.0928,498798
Woman,Kalman_PredictOnly,0.1831,596612
